Movie Name,Domestic,United Kingdom,Italy,Germany,Poland,Spain,Netherlands,France,Finland,Norway,Portugal,South Africa,Czech Republic,Hungary,Türkiye,Romania,Slovakia,Lithuania,Bulgaria,Slovenia,United Arab Emirates,Iceland,Australia,Japan,South Korea,New Zealand,Russia/CIS,Argentina,Brazil,Colombia,Bolivia,Greece,Belgium,Uruguay,Sweden,Lebanon,Austria,Denmark,Croatia,Serbia and Montenegro,Switzerland (French),Ukraine,Oman,Mexico,Peru,Ecuador,Venezuela,Thailand,Taiwan,Switzerland (German),Egypt,Chile,Malaysia,Philippines,Singapore,Hong Kong,Vietnam,China,Israel,Switzerland,Paraguay,India,Bahrain,Panama,Estonia,Latvia,Costa Rica,Honduras,Indonesia,Kuwait,Qatar,Nigeria,Jordan,Kenya,Ghana,Trinidad & Tobago,Dominican Republic,Jamaica,Pakistan,Mongolia,Cambodia
Florence Foster Jenkins (2016),"$27,383,770","$4,173,452","$2,923,380","$1,390,529","$1,333,260","$987,008","$945,940","$813,868","$633,502","$265,134","$255,461","$163,034","$130,703","$104,187","$81,067","$77,743","$34,214","$31,055","$30,476","$23,059","$15,604","$9,276","$2,717,320","$1,326,331","$955,773","$702,472","$149,834","$668,118","$639,762","$75,650","$11,805",,,,,,,,,,,,,,,,,,,,,,,,,,,,,,,,,,,,,,,,,,,,,,,,,,
Born to Be Blue (2015),"$830,129","$53,504",,,,,,,,,,,,,,,,,,,,,,,"$669,704",,,,,,,,,,,,,,,,,,,,,,,,,,,,,,,,,,,,,,,,,,,,,,,,,,,,,,,,
Confession of a Child of the Century (2012),$74,"$5,030",,,,,,"$120,155",,,,,,,,,,,,,,,,,,,,,"$18,730",,,,,,,,"$2,166",,,,,,,,,,,,,,,,,,,,,,,,,,,,,,,,,,,,,,,,,,,,
Paterson (2016),"$2,152,738","$626,479","$642,601",,"$278,490","$793,920","$504,682","$2,752,212","$54,337","$49,827","$98,953",,"$74,134",,"$23,932",,"$16,438","$16,206",,"$16,673",,"$10,277","$119,407",,"$489,193","$110,955","$440,717","$90,355","$142,790","$46,000",,,,"$13,071",,,,,,,,"$30,975",,,,,,,,,,,,,,,,,,,,,,,,,,,,,,,,,,,,,,,
Dark Horse (2015),"$1,030,851",,,,,"$3,346",,,,,,,,,,,,,,,,,,,,,,,,,,,,,,,,,,,,,,,,,,,,,,,,,,,,,,,,,,,,,,,,,,,,,,,,,,,
City of Gold (2015),"$640,979",,,,,,,,,,,,,,,,,,,,,,,,"$20,173","$19,466",,,,,,,,,,,,,,,,,,,,,,,,,,,,,,,,,,,,,,,,,,,,,,,,,,,,,,,
Barbershop: The Next Cut (2016),"$54,058,961","$135,486",,,,,"$238,402",,"$3,021",,,"$330,500",,,,,,,,,,,,,,,,,,,,,,,,,,,,,,,,,,,,,,,,,,,,,,,,,,,,,,,,,,,,,,,,,,,,,
The Choice (2016),"$18,730,891","$198,772",,"$979,371",,,"$417,484",,,,"$120,870","$130,388",,,"$25,824",,,"$34,823",,,"$75,006","$4,049","$796,840",,"$15,917",,"$91,689","$10,012","$236,723",,"$8,141",,"$236,822","$20,793",,"$36,987","$194,913",,,,,"$26,996","$2,712","$360,616","$47,712","$26,171",,"$7,418",,,,"$29,448","$16,530","$127,604",,"$54,627","$3,447",,,,,,"$10,336",,,,,,,,,,,,,,,,,,
Finding Dory (2016),"$486,295,561","$56,327,874","$17,433,399","$35,307,381","$3,654,512","$20,038,169","$9,976,165","$21,880,347","$922,679","$2,786,441","$2,185,259","$3,024,048","$1,942,288","$1,114,967","$2,145,693","$631,451","$1,465,935","$169,087","$391,220","$145,145","$4,347,363","$364,372","$36,312,693","$65,982,721","$18,175,847","$4,626,878","$9,222,835","$16,004,539","$34,529,711","$7,995,441","$1,313,486","$2,054,994","$5,204,300",,"$6,438,969",,"$4,572,667","$2,532,112",,,,"$784,805",,"$24,781,954",,,"$3,319,862","$1,492,471","$5,062,350",,,"$7,026,238","$1,954,333","$4,640,452","$4,135,984","$6,615,732",,"$38,052,302",,"$5,127,323","$327,166","$2,799,262",,"$6,800,000",,,,,,,,,,,,,,,,,
"My Love, Don't Cross That River (2014)","$86,446",,,,,,,,,,,,,,,,,,,,,,,,"$34,012,261",,,,,,,,,,,,,,,,,,,,,,,,,,,,,,,,"$7,499",,,,,,,,,,,,,,,,,,,,,,,,
Love is in the Air (2013),"$8,425","$13,089","$9,725",,,"$69,754",,"$2,818,952",,,,,,,"$105,985",,,,,,,,,,,,,,,,,,,,,,,,"$17,793","$1,411",,"$126,886",,,,,,,,,,,,,"$11,538","$39,407",,,,,,,,,,,,,,,,,,,,,,,,,
Elena (2012),"$25,788",,,,,,,,,,,,,,,,,,,,,,,,,,,,,,,,,,,,,,,,,,,,,,,,"$319,223",,,,,,,,,,,,,,,,,,,,,,,,,,,,,,,,
Papa Hemingway in Cuba (2015),"$1,115,615",,,,,,,,,,,,,,,,,,"$1,784",,,,,,"$36,291",,,,,,,,,,,,,,,,,,,,,,,,,,,,,,,,,,,,,,,,,,,,,,,,,,,,,,,,
The International (2006),,"$2,143",,"$36,273",,,"$3,767",,,,,,,,"$2,350,423",,,,,,,,,,,,,,,,,"$7,487","$2,962",,,,,,,,,,,,,,,,,,,,,,,,,,,,,,,,,,,,,,,,,,,,,,,,
Disorder (2015),,"$106,438",,,,,,"$277,485","$8,660",,,,,,,,,,,,,,,,,,"$16,535",,,,,,,,,,,,,,,,,,,,,,,,,,,,,,,,,,,,,,,,,,,,,,,,,,,,,,
My Big Fat Greek Wedding 2 (2016),,"$5,492,163","$1,901,579","$1,297,963","$396,140","$1,108,149","$180,307","$137,407","$179,945","$118,659","$128,681","$653,090","$43,149","$460,834","$63,371","$225,975","$94,698","$17,668",,"$67,045","$719,922","$25,390","$11,697,147",,"$196,901","$507,587","$34,901","$349,537","$1,604,654","$152,194","$2,057","$457,115","$256,312",,"$505,632","$236,122","$179,322","$104,481","$87,180","$48,627","$38,420","$34,831","$13,517","$731,869","$188,086","$100,874","$71,950","$31,585",,,,,,,,,,,,,,,,,,,,,,,,,,,,,,,,,
Irudhi Suttru (2016),,"$16,936",,,,,,,,,,,,,,,,,,,,,,,,$920,,,,,,,,,,,,,,,,,,,,,,,,,,,,,,,,,,,,,,,,,,,,,,,,,,,,,,,
I Saw the Light (2015),,"$114,736",,,,,,,,,,"$2,936",,,,,,,,,,,,,,,,,,,,,,,,,,"$3,503",,,,,,,,,,,,,,,,,,,,,,,,,,,,,,,,,,,,,,,,,,,
Keanu (2016),,"$18,118",,,,,,,,,,"$6,952",,,,,,,,,,"$34,410",,,,,,,,,,,,,,,,,,,,,,,,,,,,,,,,,,,,,,,,,,,,,,,,,,,,,,,,,,,
The Lure (2015),,"$1,327",,,,,,,,,,,,,,,,,,,,,,,,,,,,,,,,,,,,,,,,,,,,,,"$5,862",,,,,,,,,,,,,,,,,,,,,,,,,,,,,,,,,
Love & Friendship (2016),,"$2,301,875","$270,954",,"$26,175","$286,109","$403,809","$1,017,247","$80,793","$293,632","$64,607",,,,,,,"$4,858",,"$14,449","$20,398",,"$1,637,671",,"$26,464","$396,360","$197,063","$55,940","$124,563","$57,827",,"$92,806",,"$2,536",,,,,,,,"$9,245",,,,,,,,,,,,,,,,,,,,,,,,,,,,,,,,,,,,,,,
Mapplethorpe: Look at the Pictures (2016),,"$33,196",,,,,,,,,"$1,630",,,,,,,,,,,,,,"$27,761",,,,,,,,,,,,,,,,,,,,,,,,,,,,,,,,,,,,,,,,,,,,,,,,,,,,,,,,
Everybody Wants Some!! (2016),,"$470,261","$506,414",,,"$94,830",,,,"$9,028","$11,973","$10,702",,,,,,,,,,,"$35,387",,"$49,619",,"$55,980",,,,,,,,,,,,,,,,,,,,,,,,,,,,,,,,,,,,,,,,,,,,,,,,,,,,,,
Sing Street (2016),,"$1,836,700","$418,739","$430,772",,"$241,741","$24,338","$604,736",,,"$6,160","$28,091",,,,,,,,,,,"$225,101","$1,490,254","$3,585,341","$307,643",,,,,,,"$23,196",,,,,,,,,,,,,,,"$180,925",,,,,,,,,,,,,,,,,,,,,,,,,,,,,,,,,
The Huntsman: Winter's War (2016),,"$7,665,716","$4,088,762","$4,780,433","$965,539","$3,642,051","$1,896,771","$6,642,959","$336,986","$411,371","$632,596","$783,809","$258,126","$357,147","$1,229,699","$477,291","$121,081","$41,403","$326,158","$43,965","$1,613,410","$32,191","$5,140,914","$4,345,439","$3,095,433","$655,300","$3,741,002","$1,006,922","$6,778,158","$1,275,327",,"$359,886","$1,191,748","$33,469","$865,526",,"$680,962","$394,382","$91,926","$75,000","$224,896","$628,937",,"$7,685,545","$1,405,029","$469,933","$368,288","$2,282,712","$2,294,903","$89,149","$190,082","$391,754","$3,459,241","$3,138,235","$1,796,017","$1,514,736","$1,032,950","$16,952,540",,,,,,,,,,,,,,,,,,,,,,,
Neighbors 2: Sorority Rising (2016),,"$9,249,000","$574,723","$7,491,113","$445,436","$1,570,373","$1,984,937","$3,398,715","$380,327","$866,823","$587,272","$426,346","$101,035","$494,740","$164,740","$325,271","$102,060","$60,533","$82,678","$115,617",,"$104,493","$5,650,502",,,"$567,089","$670,211","$581,561","$872,811",,"$170,195",,"$896,822","$127,000","$794,355","$131,614","$1,327,828","$510,701","$120,845","$54,927",,"$263,944",,"$3,458,000",,,"$112,000","$346,821",,"$1,124,598",,"$173,000",,,,"$952,970",,,"$1,423,882","$1,233,843",,,,,,,,,,,,,,,,,,,,,
Things to Come (2016),,"$290,830","$416,265",,,"$523,840","$533,502","$2,196,661","$11,778","$234,615","$41,788",,,"$5,201","$9,235",,,"$1,789",,,,,"$631,381",,"$216,246",,,"$56,786",,,,"$45,842","$23,488","$11,306",,,,,,,,,,,,,,,,,,,,,,,,,,,,,,,,,,,,,,,,,,,,,,,
Land of Mine (2015),,"$19,507","$417,317","$23,663",,"$70,935","$61,706",,"$2,882","$40,236",,,,,,,,,,,,"$5,220","$350,732",,"$73,727",,,,,,,,,,,,"$1,864","$1,666,498",,,,,,,,,,,,,,,,,,,,,,,,,,,,,,,,,,,,,,,,,,,
What Our Fathers Did: A Nazi Legacy (2015),,"$14,484",,,,,,,,,,,,,,,,,,,,,,,,,,,,,,,,,,,,,,,,,,,,,,,,,,,,,,,,,,,,,,,,,,,,,,,,,,,,,,,
Fan (2016),,"$994,702",,"$100,355",,"$10,517",,,,"$46,634",,,,,"$8,863","$3,769",,,,,,,"$375,357",,,"$108,659",,,,,,,,,,"$4,127","$4,928",,,,,,,,,,,,,,,,,,,,,"$219,921",,,,"$17,680,000",,,,,,,,,,,,,,,,,,,
The Man Who Knew Infinity (2015),,"$765,993","$1,200,726","$357,536",,"$503,862","$262,278",,"$82,377",,"$140,749","$94,582",,,"$110,730",,,,,"$6,869","$159,917",,"$1,133,888","$333,888","$211,672","$203,952",,"$72,614","$126,135",,,"$146,343","$67,370","$14,851","$33,385","$84,028","$40,220",,"$21,286",,,,,,,,,"$36,656","$312,682","$156,621","$25,787",,"$23,362",,"$107,014","$163,392",,,"$287,850","$225,929",,"$748,381","$10,494","$4,156",,,,,,,,,,,,,,,,,
Mary Shelley (2017),,"$183,761","$422,742",,,"$361,187",,"$557,448",,,"$15,246","$5,213",,,"$13,824",,,,,"$9,079",,,"$206,722",,"$64,993","$32,068","$100,692",,,,,"$14,725",,,,,,,,,,,,,,,,,,,,,,,,,,,,,,,,,,,,,,,,,,,,,,,,,
Money Monster (2016),,"$3,930,445","$2,432,639","$4,229,441","$520,270","$3,026,970","$1,255,468","$6,660,018","$189,498","$166,137","$587,186","$224,580","$124,714","$192,318","$383,940","$217,306","$43,420","$17,512","$78,661","$20,736","$1,320,781","$27,414","$5,298,100","$3,000,465","$331,768","$483,014","$1,251,875","$1,224,282","$1,850,483","$361,155","$44,494","$489,031","$799,799","$122,479","$329,101","$252,980","$441,728","$247,007","$77,406","$34,808","$387,889","$128,711",,"$1,794,338","$294,793","$134,515","$207,102","$149,459","$940,002","$620,717","$125,206","$176,265","$186,325","$109,298","$457,175","$1,067,130","$41,621",,"$911,744","$1,092,637",,"$368,223",,,"$43,560","$23,335",,,,,,,,,,,,,,,
Nine Lives (2016),,"$2,892,060","$1,143,422",,"$3,007,568","$1,557,744","$143,862","$1,700,110",,,"$117,954","$352,543","$188,413","$208,613",,"$216,118","$72,016","$14,165",,,"$704,430","$36,729",,"$186,136","$154,722",,"$1,168,095","$709,036","$144,508","$444,977","$153,432",,,"$72,722",,,,,,,,"$266,732",,"$1,666,401",,,,"$10,988","$351,655",,,"$165,065",,,,,,"$16,793,054",,"$80,080","$13,125",,,,,,,,,,,,,,,,,,,,
Our Kind of Traitor (2016),,"$1,774,423","$399,762","$667,048",,"$313,906","$161,003","$747,429","$74,105","$98,303","$72,780","$45,503",,,"$56,500",,,"$7,902","$28,504","$4,709","$203,684",,"$65,244","$275,593","$13,280","$212,702","$140,292","$101,129","$88,131","$45,587",,"$135,956","$97,201","$7,821","$96,706",,"$95,237","$87,138","$26,695","$15,639","$39,227",,,"$91,748","$33,176","$15,010",,"$12,485",,,,,"$25,037","$18,821","$40,193","$44,664",,,"$144,255","$207,428",,,,"$8,318","$13,585","$11,037","$8,787","$1,905","$66,106",,,,,,,,,,,,
Suntan (2016),,"$4,766",,,,,,,,,,,,,,,,,,,,,,,,,,,,,,"$145,858",,,,,,,,,,,,,,,,,,,,,,,,,,,,,,,,,,,,,,,,,,,,,,,,,
The Boss (2016),,"$2,435,799","$108,341","$1,400,000","$235,785","$23,026","$518,673",,,"$346,849","$215,339","$283,172",,"$532,212",,"$280,804",,"$39,061","$59,173","$38,588","$768,164","$83,693","$4,468,588",,,"$486,689",,,,,,,,,,"$97,589","$412,409",,"$44,139","$19,942",,"$285,342","$4,015",,,,,,,"$334,580",,,,,,,,,,,,,,,"$17,305",,,,,,,,,,,,,,,,
The Take (2016),,"$2,948,233","$303,114","$924,034","$93,677",,"$673,702",,,,"$68,317","$129,043",,,"$146,937","$247,159",,"$13,963","$14,255",,"$753,255","$12,896","$369,211",,"$666,946","$81,736","$231,099","$136,808",,"$289,260","$25,723",,"$152,848","$12,047","$132,668",,"$162,626",,"$16,705",,"$227,583","$25,551",,"$799,684",,,,"$40,495",,,,,,"$110,562","$158,017",,"$37,668","$2,148,284","$383,494","$147,099","$6,107",,,,"$6,862","$4,410",,,,,,,,,,,,,,,
Goodbye Mr. Loser (2015),,"$55,717",,,,,,,,,,,,,,,,,,,,,"$443,300",,,"$83,004",,,,,,,,,,,,,,,,,,,,,,,,,,,,,"$64,489","$21,596",,"$226,161,196",,,,,,,,,,,,,,,,,,,,,,,
Free State of Jones (2016),,"$153,971","$243,200",,,"$698,246","$82,167","$704,593",,,"$76,431",,,,,,,,"$6,627",,"$143,833",,"$190,009",,"$18,126","$53,821",,,,"$66,816","$11,705",,,,,,,,,,,,,"$174,478",,,,,,,,,,,,,,,,,,,,,,,,,,,,,,,,,,,,,
The Angry Birds Movie (2016),,"$15,383,360","$3,645,280","$12,057,834","$4,914,882","$6,187,047","$4,280,374","$6,090,747","$3,688,791","$1,898,332","$1,487,310","$607,180","$1,091,959","$749,705","$1,440,715","$701,816","$538,373","$511,573","$828,988","$276,184","$2,459,899","$119,545","$6,873,041","$2,279,856","$4,508,004","$808,190","$12,018,010","$4,629,273","$4,637,516","$1,931,421","$393,234","$799,066","$1,823,989","$286,412","$2,115,345","$264,593","$2,036,913","$2,060,835","$431,228","$215,459","$452,356","$1,464,962","$222,671","$7,057,097","$3,092,725","$972,762","$585,887","$1,390,465","$1,162,391","$1,383,684","$153,008","$2,151,235","$3,300,220","$1,443,538","$2,025,377","$2,144,191","$2,030,673","$75,872,971","$1,256,871","$1,978,168","$94,942","$4,130,526","$526,760",,"$344,319","$364,368",,,"$2,501,250","$1,129,631","$499,409","$134,112","$128,538","$67,775","$7,151","$190,759","$136,665","$83,400","$180,771","$101,872",
Tickled (2016),,"$33,489",,,,,,,,,,,,,,,,,,,,,,,,"$143,074",,,,,,,,,,,,,,,,,,,,,,,,,,,,,,,,,,,,,,,,,,,,,,,,,,,,,,,
Desert Dancer (2014),,"$2,873",,"$147,865",,"$36,902",,,,,,,,,,,,,,,,,,,,,"$14,002",$301,"$27,304",,"$2,908",,,"$9,336",,,,,,,,,,,,"$7,591",,,,,,,,,,"$33,812",,,,,,,,,,,,,,,,,,,,,,,,,
Mother's Day (2016),,"$1,289,246","$424,052",,"$627,001","$395,405","$1,367,527","$1,393,955","$343,493","$241,189","$201,579","$413,987","$124,241","$263,457","$177,339","$198,387","$146,502",,,"$33,135","$610,230","$80,695","$4,075,446",,,"$445,746","$1,162,802","$364,510","$755,183",,,,,,,,,,,,"$84,897",,,"$1,055,525",,,,"$14,282",,,,,,,,,,,,,,,,,,,,,,,,,,,,,,,,,
Snowden (2016),,"$403,867","$1,699,527","$3,215,856",,"$546,321","$381,667","$3,404,632","$159,737","$211,031","$342,720",,"$36,202","$161,845","$207,093","$95,505","$81,731","$26,337","$130,384","$50,732","$720,172",,"$1,199,213",,"$278,313",,"$1,138,571","$57,392","$518,144","$51,196",,"$324,298",,"$21,030",,,,,,,,"$51,512",,,,,,"$254,669",,,,,,,,,,,,,,,,,,,,,,,,,,,,,,,,,
Ratchet & Clank (2016),,"$518,804","$126,659",,"$285,330","$334,963","$244,863","$1,240,710",,,"$86,399","$163,657","$2,653",,"$35,773","$80,408","$31,186","$31,058","$26,444","$8,436","$35,247","$43,727",,,"$303,329",,"$240,205",,"$191,928","$47,114",,,,,,,,,,,,"$34,087",,"$81,172",,,,,,,,,,,,,,"$370,256",,,,,,,,,,,,,,,,,,,,,,,
The Nice Guys (2016),,"$4,913,256","$2,105,444",,"$991,634","$1,336,582","$594,952","$2,781,017","$231,225","$298,374","$291,294","$129,707","$170,211","$502,885","$310,810","$296,647","$112,449","$38,600",,"$23,788","$688,146","$72,300","$4,369,278",,"$134,291","$703,121","$2,456,043","$456,208","$503,289","$90,691",,,,,,,,,,,"$51,566","$151,083",,"$988,779",,,,"$110,988",,"$621,797",,,,,,,,,,,,,,,,,,,,,,,,,,,,,,,
A Hologram for the King (2016),,"$1,062,859","$277,061","$593,882",,"$621,842","$266,600",,"$102,272","$39,450","$170,727","$24,684","$11,285",,"$131,263","$61,043",,"$31,047",,,,"$2,862",,,,,"$446,151",,"$22,056","$42,628",,,,,,,,,,,,"$50,103",,"$599,891",,,,"$14,229",,"$385,078",,,,,,,,,,,,,,,,,,,,,,,,,,,,,,,
Alvin and the Chipmunks: The Road Chip (2015),,"$23,908,156","$6,807,266","$6,277,763","$2,797,131","$4,689,711","$4,411,437","$10,949,003","$807,980","$2,532,695","$874,783","$1,218,784","$1,078,914","$451,025","$1,321,278","$201,903","$244,158","$222,932","$287,772","$329,218","$1,731,106","$164,143","$9,690,441",,"$1,713,690","$1,246,533","$3,147,988","$2,005,896","$9,733,314","$676,761","$435,599",,"$2,336,186","$200,052","$3,095,898","$350,472","$1,375,372","$2,198,420","$299,609","$164,571","$499,188","$264,044","$134,719","$7,461,267","$1,723,488","$875,027","$367,668",,"$363,158","$1,264,370",,"$1,104,928","$1,703,820",,"$1,839,365","$1,275,513","$964,094","$9,582,624",,,,"$239,432","$390,744",,"$150,539",,,,,,"$458,015",,,"$73,986",,,,,,,
The Shallows (2016),,"$2,908,236","$2,404,408","$1,477,499","$307,932","$2,545,415","$963,873","$4,136,075","$79,361","$394,036","$374,611","$198,801","$91,838","$302,456","$447,605","$94,587","$71,452","$28,812","$41,141","$62,682","$1,147,394","$31,550","$2,856,421","$1,572,328","$2,793,517","$345,145","$3,137,750","$794,962","$1,576,802","$361,408","$67,323","$174,339","$930,202","$83,790","$146,195","$166,570","$177,753","$226,606","$120,380","$46,854",,"$228,507","$52,060","$3,608,763","$706,526","$245,749","$114,303","$1,607,928","$715,025",,"$216,624","$221,799","$1,557,721","$1,006,837","$361,438","$497,244","$262,107","$15,291,870","$415,453","$75,674","$31,191","$343,130","$122,482",,"$43,505","$22,911",,,"$857,541",,,,"$60,449",,,,,,"$31,925",,"$45,028"
My Worst Nightmare (2011),,,"$620,827","$231,599",,,,"$6,364,190",,,"$12,822",,,,,,,,,,,,,,,,,"$6,594",,,,"$23,227","$819,065",,,,"$126,268",,,,,,,,,,,,,,,,,,,,,,,,,,,,,,,,,,,,,,,,,,,,
Imagining Argentina (2003),,,"$281,201",,,"$38,511",,,,,"$10,421",,"$1,782",,,,"$6,715",,,,"$29,430",,,,,,,,,,,,,,,"$6,147",,,,,,,,,,,,,,,,,,,,,,,,,,,,,,,,,,,,,,,,,,,,,
Perfect Strangers (2016),,,"$19,630,803",,,,"$466,045",,"$38,182","$18,814","$126,784",,"$151,711","$151,857",,"$37,985","$81,100",,"$4,362","$2,155",,,"$1,671,748",,,,"$850,799","$498,772",,"$39,568",,"$97,743",,"$231,294",,,,,,,,"$47,053",,,,,,,,,,,,,,,,"$8,060,716",,,,,,,,,,,,,,,,,,,,,,,
Horse (1970),,,"$292,786",,,,,"$342,303",,,,,,,,,,,,,,,,,,,,,,,,,"$26,676",,,,,,,,,,,"$26,460","$74,108",,,,,,,,,,,,,,,,,,,,,,,,,,,,,,,,,,,,
The Family Fang (2015),,,"$275,410",,,,"$28,104",,,,"$8,550",,,,,,,,,,"$44,382",,"$20,008",,"$10,180",,,,,,,,,,,,,,,,,,,,,,,,,,,,,,,,,,,,,,,,,,,,,,,,,,,,,,,,
Highway to Hellas (2015),,,,"$636,086",,"$70,652",,,,,,,,,,,,,,,,,,,,,,,,,,,,,,,"$30,532",,,,,,,"$36,319",,,,,,"$37,707",,,,,,,,,,,,,,,,,,,,,,,,,,,,,,,
12 Paces Without a Head (2009),,,,,,"$2,366",,,,,,,,,,,,,,,,,,,,,,,,,,,,,,,,,,,,,,,,,,,,,,,,,,,,,,,,,,,,,,,,,,,,,,,,,,,
Ardor (2014),,,,,,$678,,,,,,,,,,,,,,,,,,,,,,"$76,306",,,,,,,,,,,,,,,,,,,,,,,,,,,,,,,,,,,,,,,,,,,,,,,,,,,,,
Angry Indian Goddesses (2015),,,,,,"$118,854","$6,511","$142,276",,,"$12,338",,,,,,,,,,,,,,,,,,,"$6,940",,,,,,,,,,,,,,,,,,,,,,,,,,,,,,,,,,,,,,,,,,,,,,,,,,,
La escopeta nacional (1978),,,,,,"$6,820",,,,,,,,,,,,,,,,,,,,,,,,,,,,,,,,,,,,,,,,,,,,,,,,,,,,,,,,,,,,,,,,,,,,,,,,,,,
At the End of the Tunnel (2016),,,,,,"$770,248",,,,,,,,,,,,,,,,,,,,,,"$1,212,657",,,"$23,582","$31,827",,,,,,,,,,,,,,,,,,,,,,,,,"$18,887","$1,131,869",,,"$1,149",,,,,,,,,,,,,,,,,,,,
Just Between Us (2010),,,,,,"$13,593",,,,,,,,,,,,,,,,,,,,,,,,,,,,"$5,766",,,,,,,,,,,,,,,,,,,,,,,,,,,,,,,,,,,,,,,,,,,,,,,
Neon Bull (2015),,,,,,,"$44,251",,,"$17,238","$7,045",,,,,,,,,,,,,,,,,,"$77,951",,,,,,,,,,,,,,,,,,,,,,,,,,,,,,,,,,,,,,,,,,,,,,,,,,,,
Term Life (2016),,,,,,,"$52,520",,,,"$7,182",,,,,,,,,,"$162,835",,,,,,,,,,,,,,,,,,,,,,,,,,,,,,,,,,,,,,,,,,,,,,,,,,,,,,,,,,,,
Lucky Luke (2009),,,,,,,,"$17,182,596",,,"$24,625",,,,,,,,,,,,,,,,"$182,081",,,,,,"$465,170",,,,,,,,,,,,,,,,,,,,,,,,,,,,,,,,,,,,,,,,,,,,,,,,
Prague (2006),,,,,,,,,,"$139,656",,,,,,,,,,,,,,,,"$78,002",,,,,,,,,,,,"$1,300,921",,,,,,,,,,,,,,,,,,,,,,,,,,,,,,,,,,,,,,,,,,,
Playback (2012),,,,,,,,,,,,,,,,,,,,,"$57,323",,,,,,,,,,,,,,,,,,,,,,,,,,,,,,,,,,,,,,,,,,,,,,,,,,,,,,,,,,,,
Being Charlie (2015),,,,,,,,,,,,,,,,,,,,,"$2,564",,,,,,,,,,,,,,,,,,,,,,,,,,,,,,,,,,,,,,,,,,,,,,,,,,,,,,,,,,,,
Sherpa (2015),,,,,,,,,,,,,,,,,,,,,,,"$940,323",,,"$213,357",,,,,,,,,,,,,,,,,,,,,,,,,,,,,,,,,,,,,,,,,,,,,,,,,,,,,,,
Billa (2007),,,,,,,,,,,,,,,,,,,,,,,$472,,,,,,,,,,,,,,,,,,,,,,,,,,,,,,"$744,539",,,,,,,,,,,,,,,,,,,,,,,,,,,,
Arrambam (2013),,,,,,,,,,,,,,,,,,,,,,,"$52,831",,,,,,,,,,,,,,,,,,,,,,,,,,,,,,"$1,486,257",,,,,,,,,,,,,,,,,,,,,,,,,,,,
Yennai Arindhaal (2015),,,,,,,,,,,,,,,,,,,,,,,"$119,918",,,,,,,,,,,,,,,,,,,,,,,,,,,,,,,,,,,,,,,,,,,,,,,,,,,,,,,,,,
Vedalam (2015),,,,,,,,,,,,,,,,,,,,,,,"$105,736",,,,,,,,,,,,,,,,,,,,,,,,,,,,,,"$1,910,456",,,,,,,,,,,,,,,,,,,,,,,,,,,,
Veeram (2014),,,,,,,,,,,,,,,,,,,,,,,"$55,625",,,,,,,,,,,,,,,,,,,,,,,,,,,,,,,,,,,,,,,,,,,,,,,,,,,,,,,,,,
Billa 2 (2012),,,,,,,,,,,,,,,,,,,,,,,"$49,855",,,,,,,,,,,,,,,,,,,,,,,,,,,,,,"$947,634",,,,,,,,,,,,,,,,,,,,,,,,,,,,
7 Aum Arivu (2011),,,,,,,,,,,,,,,,,,,,,,,"$124,749",,,"$7,438",,,,,,,,,,,,,,,,,,,,,,,,,,,,,,,,,,,,,,,,,,,,,,,,,,,,,,,
Ajab Prem Ki Ghazab Kahani (2009),,,,,,,,,,,,,,,,,,,,,,,"$140,963",,,"$21,075",,,,,,,,,,,,,,,,,,,,,,,,,,,,,,,,,,,,"$11,685,515",,,,,,,,,,,,,,,,,,,
Enchanted Kingdom (2014),,,,,,,,,,,,,,,,,,,,,,,,"$7,936,003",,,,,,,,,,,,,,,,,,,,,,,,,,,,,,,,,,,,,,,,,,,,,,,,,,,,,,,,,
Despite the Falling Snow (2016),,,,,,,,,,,,,,,,,,,,,,,,,"$8,942","$29,879",,,,,,,,,,,,,,,,,,,,,,,,,,,,,,,,,,,,,,,,,,,,,,,,,,,,,,,
Noma: My Perfect Storm (2015),,,,,,,,,,,,,,,,,,,,,,,,,"$30,169","$17,323",,,,,,,,,,,,,,,,,,,,,,,,,,,,,,,,,,,,,,,,,,,,,,,,,,,,,,,
Leatherface (2017),,,,,,,,,,,,,,,,,,,,,,,,,"$25,677",,"$207,999","$36,953",,,"$62,688",,,"$12,010",,,,,,,,,,,,,,"$57,186",,,,,,,,,,,,,"$17,802",,,,,,,,,,,,,,,,,,,,
War on Everyone (2016),,,,,,,,,,,,,,,,,,,,,,,,,,"$9,995","$130,942",,,,,,,,,,,,,,,,,,,,,,,,,,,,,,,,,,,,,,,,,,,,,,,,,,,,,,
Sunshine Superman (2014),,,,,,,,,,,,,,,,,,,,,,,,,,"$8,618",,,,,,,,,,,,,,,,,,,,,,,,,,,,,,,,,,,,,,,,,,,,,,,,,,,,,,,
The Dead Room (2015),,,,,,,,,,,,,,,,,,,,,,,,,,"$12,444",,"$40,128",,,,,,"$16,538",,,,,,,,,,,,,,,,,,,,,,,,,,,"$6,755",,,,,,,,,,,,,,,,,,,,
Ghayal Once Again (2016),,,,,,,,,,,,,,,,,,,,,,,,,,"$52,933",,,,,,,,,,,,,,,,,,,,,,,,,,,,,,,,,,,,"$5,637,413",,,,,,,,,,,,,,,,,,,
"New York, New York (2016)",,,,,,,,,,,,,,,,,,,,,,,,,,"$5,853",,,,,,,,,,,,,,,,,,,,,,,,,,,,,$861,,,"$1,446,261",,,,,,,,,,,,,,,,,,,,,,,
Thoongaa Vanam (2015),,,,,,,,,,,,,,,,,,,,,,,,,,"$3,076",,,,,,,,,,,,,,,,,,,,,,,,,,,,,,,,,,,,,,,,,,,,,,,,,,,,,,,
In Search of Mozart (2006),,,,,,,,,,,,,,,,,,,,,,,,,,"$75,687",,,,,,,,,,,,,,,,,,,,,,,,,,,,,,,,,,,,,,,,,,,,,,,,,,,,,,,
Yoga Hosers (2016),,,,,,,,,,,,,,,,,,,,,,,,,,,"$20,776",,,,,,,,,,,,,,,,,,,,,,,,,,,,,,,,,,,,,,,,,,,,,,,,,,,,,,
Election Day 2 (2016),,,,,,,,,,,,,,,,,,,,,,,,,,,"$4,674,422",,,,,,,,,,,,,,,,,,,,,,,,,,,,,,,,,,,,,,,,,,,,,,,,,,,,,,
OrAngeLove (2007),,,,,,,,,,,,,,,,,,,,,,,,,,,"$27,673",,,,,,,,,,,,,,,,,,,,,,"$14,715",,,,,,,,,,,,,,,,,,,,,,,,,,,,,,,,
I Spit on Your Grave: Vengeance Is Mine (2015),,,,,,,,,,,,,,,,,,,,,,,,,,,"$111,089",,,,,,,,,,,,,,,,,,,,,,,,,,,,,,,,,,,,,,,,,,,,,,,,,,,,,,
Jock the Hero Dog (2011),,,,,,,,,,,,,,,,,,,,,,,,,,,"$614,653",,,,,,,,,,,,,,,,,,,,,,,,,,,,,,,,,,,,,,,,,,,,,,,,,,,,,,
Black Sun (2007),,,,,,,,,,,,,,,,,,,,,,,,,,,"$25,524",,,,,,,,,,,,,,,,,,,,,,,,,,,,,,,,,,,,,,,,,,,,,,,,,,,,,,
Families (2015),,,,,,,,,,,,,,,,,,,,,,,,,,,"$17,538","$26,217",,,,,,"$2,970",,,,,,,,,,,,,,,,,,,,,,,,,,,,,,,,,,,,,,,,,,,,,,,
Manhattan Night (2016),,,,,,,,,,,,,,,,,,,,,,,,,,,"$4,992",,,,,,,,,,,,,,,,,"$119,845",,,,,,,,,,,,,,,,,,,,,,,,,,,,,,,,,,,,,
Holidays (2016),,,,,,,,,,,,,,,,,,,,,,,,,,,"$51,392",,,,,,,,,,,,,,,,,,,,,,,,,,,,,,,,,,,,,,,,,,,,,,,,,,,,,,
Sorry If I Want to Marry You (2010),,,,,,,,,,,,,,,,,,,,,,,,,,,"$963,812",,,,,,,,,,,,,,,,,,,,,,,,,,,,,,,,,,,,,,,,,,,,,,,,,,,,,,
Flight Crew (2016),,,,,,,,,,,,,,,,,,,,,,,,,,,"$24,241,048",,,"$101,185","$73,831",,,,,,,,,,,,,,,,,,,,,,,,,,,"$4,613,127",,,,,,,,,,,,,,,,,,,,,,,
Refugiado (2014),,,,,,,,,,,,,,,,,,,,,,,,,,,,"$131,241",,,,,,,,,,,,,,,,,,,,,,,,,,,,,,,,,,,,,,,,,,,,,,,,,,,,,
2 Nights Till Morning (2015),,,,,,,,,,,,,,,,,,,,,,,,,,,,"$40,946",,,,,,"$9,068",,,,,,,,,,,,,,,,,,,,,,,,,,,,,,,,,,,,,,,,,,,,,,,
Italian Race (2016),,,,,,,,,,,,,,,,,,,,,,,,,,,,"$4,986",,,,,,,,,,,,,,,,,,,,,,,,,,,,,,,,,,,,,,,,,,,,,,,,,,,,,
A Boyfriend for My Wife (2008),,,,,,,,,,,,,,,,,,,,,,,,,,,,"$5,655,910","$63,236",,$260,,,"$106,466",,,,,,,,,,,,"$57,559",,,,,,,,,,,,,,,,,,,,,,,,,,,,,,,,,,,
"It's Not You, It's Me (2004)",,,,,,,,,,,,,,,,,,,,,,,,,,,,"$448,471",,,,,,,,,,,,,,,,,,,,,,,,,,,,,,,,,,,,,,,,,,,,,,,,,,,,,
My Big Night (2015),,,,,,,,,,,,,,,,,,,,,,,,,,,,"$1,897",,"$15,135",,,,,,,,,,,,,,,,,,,,,,,,,,,,,,,,,,,,,,,,,,,,,,,,,,,
The Faith of Anna Waters (2016),,,,,,,,,,,,,,,,,,,,,,,,,,,,"$107,448",,"$259,557","$90,442",,,,,,,,,,,,,"$827,696",,,,,,,,,,"$118,928",,,,,,,"$30,347",,,,,,,,,,,,,,,,,,,,
One Man and His Cow (2016),,,,,,,,,,,,,,,,,,,,,,,,,,,,,"$20,982","$316,567",,,,"$18,171",,,,,,,,,,,,,,,,,,,,,,,,,,,,,,,,,,,,,,,,,,,,,,,
Grand Central (2013),,,,,,,,,,,,,,,,,,,,,,,,,,,,,"$13,684",,,,,,,,,,,,,,,,,,,,,,,,,,,,,,,,,,,,,,,,,,,,,,,,,,,,
Free Angela and All Political Prisoners (2012),,,,,,,,,,,,,,,,,,,,,,,,,,,,,$903,,,,,,,,,,,,,,,,,,,,,,,,,,,,,,,,,,,,,,,,,,,,,,,,,,,,
The Priest's Children (2013),,,,,,,,,,,,,,,,,,,,,,,,,,,,,"$170,231",,,,,,,,,,,,,,,"$41,216",,,,,,,,,,,,,,,,,,,,,,,,,,,,,,,,,,,,,
Penance (2012),,,,,,,,,,,,,,,,,,,,,,,,,,,,,,,,,"$35,241",,,,,,,,,,,,,,,,,,,,,,,"$32,654",,,,,,,,,,,,,,,,,,,,,,,,,
Live Wire (2009),,,,,,,,,,,,,,,,,,,,,,,,,,,,,,,,,,,,,$823,,,,,,,,,,,,,,,,,,,,,,,,,,,,,,,,,,,,,,,,,,,,
Mancora (2008),,,,,,,,,,,,,,,,,,,,,,,,,,,,,,,,,,,,,,,,,,,,,"$166,372",,,,,,,,,,,,,,,,,,,,,,,,,,,,,,,,,,,,
Freelancers (2012),,,,,,,,,,,,,,,,,,,,,,,,,,,,,,,,,,,,,,,,,,,,,"$7,579",,,,,,,,,,,,,,,,,,,,,,,,,,,,,,,,,,,,
Precious Cargo (2016),,,,,,,,,,,,,,,,,,,,,,,,,,,,,,,,,,,,,,,,,,,,,,,,"$11,464",,,,,,,,,,,,,,,,,,,,,,,,,,,,,,,,,
Glass (2007),,,,,,,,,,,,,,,,,,,,,,,,,,,,,,,,,,,,,,,,,,,,,,,,,"$12,071",,,,,,,,,,,,,,,,,,,,,,,,,,,,,,,,
Mankatha (2011),,,,,,,,,,,,,,,,,,,,,,,,,,,,,,,,,,,,,,,,,,,,,,,,,,,,,"$1,104,911",,,,,,,,,,,,,,,,,,,,,,,,,,,,
Deiva Thirumagal (2011),,,,,,,,,,,,,,,,,,,,,,,,,,,,,,,,,,,,,,,,,,,,,,,,,,,,,"$733,169",,,,,,,,,,,,,,,,,,,,,,,,,,,,
Singam (2010),,,,,,,,,,,,,,,,,,,,,,,,,,,,,,,,,,,,,,,,,,,,,,,,,,,,,"$1,471,508",,,,,,,,,,,,,,,,,,,,,,,,,,,,
200 Pounds Beauty (2006),,,,,,,,,,,,,,,,,,,,,,,,,,,,,,,,,,,,,,,,,,,,,,,,,,,,,,,,,,"$2,076,217",,,,,,,,,,,,,,,,,,,,,,,
The Crossing 2 (2015),,,,,,,,,,,,,,,,,,,,,,,,,,,,,,,,,,,,,,,,,,,,,,,,,,,,,,,,,,"$7,660,000",,,,,,,,,,,,,,,,,,,,,,,
My Beloved Bodyguard (2016),,,,,,,,,,,,,,,,,,,,,,,,,,,,,,,,,,,,,,,,,,,,,,,,,,,,,,,,,,"$49,371,457",,,,,,,,,,,,,,,,,,,,,,,
