imdbId,imdbid,Movie Name,Argentina,Australia,Austria,Bahrain,Belgium,Bolivia,Brazil,Bulgaria,Cambodia,Chile,China,Colombia,Costa Rica,Croatia,Czech Republic,Denmark,Domestic,Dominican Republic,Ecuador,Egypt,Estonia,Finland,France,Germany,Ghana,Greece,Honduras,Hong Kong,Hungary,Iceland,India,Indonesia,Israel,Italy,Jamaica,Japan,Jordan,Kenya,Kuwait,Latvia,Lebanon,Lithuania,Malaysia,Mexico,Mongolia,Netherlands,New Zealand,Nigeria,Norway,Oman,Pakistan,Panama,Paraguay,Peru,Philippines,Poland,Portugal,Qatar,Romania,Russia/CIS,Serbia and Montenegro,Singapore,Slovakia,Slovenia,South Africa,South Korea,Spain,Sweden,Switzerland,Switzerland (French),Switzerland (German),Taiwan,Thailand,Trinidad & Tobago,Türkiye,Ukraine,United Arab Emirates,United Kingdom,Uruguay,Venezuela,Vietnam
4136084,,Florence Foster Jenkins (2016),"$668,118","$2,717,320",,,,"$11,805","$639,762","$30,476",,,,"$75,650",,,"$130,703",,"$27,383,770",,,,,"$633,502","$813,868","$1,390,529",,,,,"$104,187","$9,276",,,,"$2,923,380",,"$1,326,331",,,,,,"$31,055",,,,"$945,940","$702,472",,"$265,134",,,,,,,"$1,333,260","$255,461",,"$77,743","$149,834",,,"$34,214","$23,059","$163,034","$955,773","$987,008",,,,,,,,"$81,067",,"$15,604","$4,173,452",,,
0893507,,The International (2006),,,,,"$2,962",,,,,,,,,,,,,,,,,,,"$36,273",,"$7,487",,,,,,,,,,,,,,,,,,,,"$3,767",,,,,,,,,,,,,,,,,,,,,,,,,,,,,"$2,350,423",,,"$2,143",,,
4505208,,One Man and His Cow (2016),,,,,,,"$20,982",,,,,"$316,567",,,,,,,,,,,,,,,,,,,,,,,,,,,,,,,,,,,,,,,,,,,,,,,,,,,,,,,,,,,,,,,,,,,"$18,171",,
4085084,,Disorder (2015),,,,,,,,,,,,,,,,,,,,,,"$8,660","$277,485",,,,,,,,,,,,,,,,,,,,,,,,,,,,,,,,,,,,,"$16,535",,,,,,,,,,,,,,,,,,"$106,438",,,
1259615,,12 Paces Without a Head (2009),,,,,,,,,,,,,,,,,,,,,,,,,,,,,,,,,,,,,,,,,,,,,,,,,,,,,,,,,,,,,,,,,,,"$2,366",,,,,,,,,,,,,,
3760922,,My Big Fat Greek Wedding 2 (2016),"$349,537","$11,697,147","$179,322",,"$256,312","$2,057","$1,604,654",,,,,"$152,194",,"$87,180","$43,149","$104,481",,,"$100,874",,,"$179,945","$137,407","$1,297,963",,"$457,115",,,"$460,834","$25,390",,,,"$1,901,579",,,,,,,"$236,122","$17,668",,"$731,869",,"$180,307","$507,587",,"$118,659","$13,517",,,,"$188,086",,"$396,140","$128,681",,"$225,975","$34,901","$48,627",,"$94,698","$67,045","$653,090","$196,901","$1,108,149","$505,632",,"$38,420",,,"$31,585",,"$63,371","$34,831","$719,922","$5,492,163",,"$71,950",
2133196,,Born to Be Blue (2015),,,,,,,,,,,,,,,,,"$830,129",,,,,,,,,,,,,,,,,,,,,,,,,,,,,,,,,,,,,,,,,,,,,,,,,"$669,704",,,,,,,,,,,,"$53,504",,,
5310090,,Irudhi Suttru (2016),,,,,,,,,,,,,,,,,,,,,,,,,,,,,,,,,,,,,,,,,,,,,,,$920,,,,,,,,,,,,,,,,,,,,,,,,,,,,,,,"$16,936",,,
4899406,,Neon Bull (2015),,,,,,,"$77,951",,,,,,,,,,,,,,,,,,,,,,,,,,,,,,,,,,,,,,,"$44,251",,,"$17,238",,,,,,,,"$7,045",,,,,,,,,,,,,,,,,,,,,,,,
1865335,,Confession of a Child of the Century (2012),,,"$2,166",,,,"$18,730",,,,,,,,,,$74,,,,,,"$120,155",,,,,,,,,,,,,,,,,,,,,,,,,,,,,,,,,,,,,,,,,,,,,,,,,,,,,,,"$5,030",,,
1490785,,I Saw the Light (2015),,,,,,,,,,,,,,,,"$3,503",,,,,,,,,,,,,,,,,,,,,,,,,,,,,,,,,,,,,,,,,,,,,,,,,"$2,936",,,,,,,,,,,,,"$114,736",,,
4139124,,Keanu (2016),,,,,,,,,,,,,,,,,,,,,,,,,,,,,,"$34,410",,,,,,,,,,,,,,,,,,,,,,,,,,,,,,,,,,,"$6,952",,,,,,,,,,,,,"$18,118",,,
5278832,,The Lure (2015),,,,,,,,,,,,,,,,,,,,,,,,,,,,,,,,,,,,,,,,,,,,,,,,,,,,,,,,,,,,,,,,,,,,,,,,,"$5,862",,,,,"$1,327",,,
3838992,,Yoga Hosers (2016),,,,,,,,,,,,,,,,,,,,,,,,,,,,,,,,,,,,,,,,,,,,,,,,,,,,,,,,,,,,"$20,776",,,,,,,,,,,,,,,,,,,,,
3708886,,War on Everyone (2016),,,,,,,,,,,,,,,,,,,,,,,,,,,,,,,,,,,,,,,,,,,,,,,"$9,995",,,,,,,,,,,,,"$130,942",,,,,,,,,,,,,,,,,,,,,
3068194,,Love & Friendship (2016),"$55,940","$1,637,671",,,,,"$124,563",,,,,"$57,827",,,,,,,,,,"$80,793","$1,017,247",,,"$92,806",,,,,,,,"$270,954",,,,,,,,"$4,858",,,,"$403,809","$396,360",,"$293,632",,,,,,,"$26,175","$64,607",,,"$197,063",,,,"$14,449",,"$26,464","$286,109",,,,,,,,,"$9,245","$20,398","$2,301,875","$2,536",,
2835548,,Grand Central (2013),,,,,,,"$13,684",,,,,,,,,,,,,,,,,,,,,,,,,,,,,,,,,,,,,,,,,,,,,,,,,,,,,,,,,,,,,,,,,,,,,,,,,,
5487052,,Election Day 2 (2016),,,,,,,,,,,,,,,,,,,,,,,,,,,,,,,,,,,,,,,,,,,,,,,,,,,,,,,,,,,,"$4,674,422",,,,,,,,,,,,,,,,,,,,,
0855975,,Prague (2006),,,,,,,,,,,,,,,,"$1,300,921",,,,,,,,,,,,,,,,,,,,,,,,,,,,,,,"$78,002",,"$139,656",,,,,,,,,,,,,,,,,,,,,,,,,,,,,,,,
0489793,,OrAngeLove (2007),,,,,,,,,,,,,,,,,,,,,,,,,,,,,,,,,,,,,,,,,,,,,,,,,,,,,,,,,,,,"$27,673",,,,,,,,,,,,"$14,715",,,,,,,,,
1718835,,My Worst Nightmare (2011),"$6,594",,"$126,268",,"$819,065",,,,,,,,,,,,,,,,,,"$6,364,190","$231,599",,"$23,227",,,,,,,,"$620,827",,,,,,,,,,,,,,,,,,,,,,,"$12,822",,,,,,,,,,,,,,,,,,,,,,,,
1322313,,Sunshine Superman (2014),,,,,,,,,,,,,,,,,,,,,,,,,,,,,,,,,,,,,,,,,,,,,,,"$8,618",,,,,,,,,,,,,,,,,,,,,,,,,,,,,,,,,,
1384925,,Ardor (2014),"$76,306",,,,,,,,,,,,,,,,,,,,,,,,,,,,,,,,,,,,,,,,,,,,,,,,,,,,,,,,,,,,,,,,,,$678,,,,,,,,,,,,,,
4530884,,I Spit on Your Grave: Vengeance Is Mine (2015),,,,,,,,,,,,,,,,,,,,,,,,,,,,,,,,,,,,,,,,,,,,,,,,,,,,,,,,,,,,"$111,089",,,,,,,,,,,,,,,,,,,,,
1822239,,Jock the Hero Dog (2011),,,,,,,,,,,,,,,,,,,,,,,,,,,,,,,,,,,,,,,,,,,,,,,,,,,,,,,,,,,,"$614,653",,,,,,,,,,,,,,,,,,,,,
5275838,,Mapplethorpe: Look at the Pictures (2016),,,,,,,,,,,,,,,,,,,,,,,,,,,,,,,,,,,,,,,,,,,,,,,,,,,,,,,,,"$1,630",,,,,,,,,"$27,761",,,,,,,,,,,,"$33,196",,,
2937696,,Everybody Wants Some!! (2016),,"$35,387",,,,,,,,,,,,,,,,,,,,,,,,,,,,,,,,"$506,414",,,,,,,,,,,,,,,"$9,028",,,,,,,,"$11,973",,,"$55,980",,,,,"$10,702","$49,619","$94,830",,,,,,,,,,,"$470,261",,,
3544112,,Sing Street (2016),,"$225,101",,,"$23,196",,,,,,,,,,,,,,,,,,"$604,736","$430,772",,,,,,,,,,"$418,739",,"$1,490,254",,,,,,,,,,"$24,338","$307,643",,,,,,,,,,"$6,160",,,,,,,,"$28,091","$3,585,341","$241,741",,,,,,"$180,925",,,,,"$1,836,700",,,
3368222,,Angry Indian Goddesses (2015),,,,,,,,,,,,"$6,940",,,,,,,,,,,"$142,276",,,,,,,,,,,,,,,,,,,,,,,"$6,511",,,,,,,,,,,"$12,338",,,,,,,,,,"$118,854",,,,,,,,,,,,,,
4766604,,Highway to Hellas (2015),,,"$30,532",,,,,,,,,,,,,,,,,,,,,"$636,086",,,,,,,,,,,,,,,,,,,,"$36,319",,,,,,,,,,,,,,,,,,,,,,,"$70,652",,,,"$37,707",,,,,,,,,,
0076001,,La escopeta nacional (1978),,,,,,,,,,,,,,,,,,,,,,,,,,,,,,,,,,,,,,,,,,,,,,,,,,,,,,,,,,,,,,,,,,,"$6,820",,,,,,,,,,,,,,
5247022,,Paterson (2016),"$90,355","$119,407",,,,,"$142,790",,,,,"$46,000",,,"$74,134",,"$2,152,738",,,,,"$54,337","$2,752,212",,,,,,,"$10,277",,,,"$642,601",,,,,,,,"$16,206",,,,"$504,682","$110,955",,"$49,827",,,,,,,"$278,490","$98,953",,,"$440,717",,,"$16,438","$16,673",,"$489,193","$793,920",,,,,,,,"$23,932","$30,975",,"$626,479","$13,071",,
2381991,,The Huntsman: Winter's War (2016),"$1,006,922","$5,140,914","$680,962",,"$1,191,748",,"$6,778,158","$326,158",,"$391,754","$16,952,540","$1,275,327",,"$91,926","$258,126","$394,382",,,"$469,933","$190,082",,"$336,986","$6,642,959","$4,780,433",,"$359,886",,"$1,514,736","$357,147","$32,191",,,,"$4,088,762",,"$4,345,439",,,,,,"$41,403","$3,459,241","$7,685,545",,"$1,896,771","$655,300",,"$411,371",,,,,"$1,405,029","$3,138,235","$965,539","$632,596",,"$477,291","$3,741,002","$75,000","$1,796,017","$121,081","$43,965","$783,809","$3,095,433","$3,642,051","$865,526",,"$224,896","$89,149","$2,294,903","$2,282,712",,"$1,229,699","$628,937","$1,613,410","$7,665,716","$33,469","$368,288","$1,032,950"
4438848,,Neighbors 2: Sorority Rising (2016),"$581,561","$5,650,502","$1,327,828",,"$896,822","$170,195","$872,811","$82,678",,"$173,000",,,,"$120,845","$101,035","$510,701",,,,,,"$380,327","$3,398,715","$7,491,113",,,,"$952,970","$494,740","$104,493",,,"$1,423,882","$574,723",,,,,,,"$131,614","$60,533",,"$3,458,000",,"$1,984,937","$567,089",,"$866,823",,,,,,,"$445,436","$587,272",,"$325,271","$670,211","$54,927",,"$102,060","$115,617","$426,346",,"$1,570,373","$794,355","$1,233,843",,"$1,124,598",,"$346,821",,"$164,740","$263,944",,"$9,249,000","$127,000","$112,000",
4137902,,Dark Horse (2015),,,,,,,,,,,,,,,,,"$1,030,851",,,,,,,,,,,,,,,,,,,,,,,,,,,,,,,,,,,,,,,,,,,,,,,,,,"$3,346",,,,,,,,,,,,,,
2350432,,Free Angela and All Political Prisoners (2012),,,,,,,$903,,,,,,,,,,,,,,,,,,,,,,,,,,,,,,,,,,,,,,,,,,,,,,,,,,,,,,,,,,,,,,,,,,,,,,,,,,
4120176,,Things to Come (2016),"$56,786","$631,381",,,"$23,488",,,,,,,,,,,,,,,,,"$11,778","$2,196,661",,,"$45,842",,,"$5,201",,,,,"$416,265",,,,,,,,"$1,789",,,,"$533,502",,,"$234,615",,,,,,,,"$41,788",,,,,,,,,"$216,246","$523,840",,,,,,,,"$9,235",,,"$290,830","$11,306",,
3952108,,The Dead Room (2015),"$40,128",,,,,,,,,,,,,,,,,,,,,,,,,,,,,,,,,,,,,,,,,,,,,,"$12,444",,,,,,"$6,755",,,,,,,,,,,,,,,,,,,,,,,,,,"$16,538",,
1762233,,Enchanted Kingdom (2014),,,,,,,,,,,,,,,,,,,,,,,,,,,,,,,,,,,,"$7,936,003",,,,,,,,,,,,,,,,,,,,,,,,,,,,,,,,,,,,,,,,,,,,,
3717390,,Refugiado (2014),"$131,241",,,,,,,,,,,,,,,,,,,,,,,,,,,,,,,,,,,,,,,,,,,,,,,,,,,,,,,,,,,,,,,,,,,,,,,,,,,,,,,,
3746250,,Sherpa (2015),,"$940,323",,,,,,,,,,,,,,,,,,,,,,,,,,,,,,,,,,,,,,,,,,,,,"$213,357",,,,,,,,,,,,,,,,,,,,,,,,,,,,,,,,,,
3841424,,Land of Mine (2015),,"$350,732","$1,864",,,,,,,,,,,,,"$1,666,498",,,,,,"$2,882",,"$23,663",,,,,,"$5,220",,,,"$417,317",,,,,,,,,,,,"$61,706",,,"$40,236",,,,,,,,,,,,,,,,,"$73,727","$70,935",,,,,,,,,,,"$19,507",,,
2614776,,City of Gold (2015),,,,,,,,,,,,,,,,,"$640,979",,,,,,,,,,,,,,,,,,,,,,,,,,,,,,"$19,466",,,,,,,,,,,,,,,,,,,"$20,173",,,,,,,,,,,,,,,
3828796,,2 Nights Till Morning (2015),"$40,946",,,,,,,,,,,,,,,,,,,,,,,,,,,,,,,,,,,,,,,,,,,,,,,,,,,,,,,,,,,,,,,,,,,,,,,,,,,,,,"$9,068",,
4668808,,What Our Fathers Did: A Nazi Legacy (2015),,,,,,,,,,,,,,,,,,,,,,,,,,,,,,,,,,,,,,,,,,,,,,,,,,,,,,,,,,,,,,,,,,,,,,,,,,,,,,"$14,484",,,
0810456,,Black Sun (2007),,,,,,,,,,,,,,,,,,,,,,,,,,,,,,,,,,,,,,,,,,,,,,,,,,,,,,,,,,,,"$25,524",,,,,,,,,,,,,,,,,,,,,
3495026,,Fan (2016),,"$375,357","$4,928",,,,,,,,"$219,921",,,,,,,,,,,,,"$100,355",,,,,,,"$17,680,000",,,,,,,,,,"$4,127",,,,,,"$108,659",,"$46,634",,,,,,,,,,"$3,769",,,,,,,,"$10,517",,,,,,,,"$8,863",,,"$994,702",,,
3613648,,Families (2015),"$26,217",,,,,,,,,,,,,,,,,,,,,,,,,,,,,,,,,,,,,,,,,,,,,,,,,,,,,,,,,,,"$17,538",,,,,,,,,,,,,,,,,,,"$2,970",,
1003023,,Mancora (2008),,,,,,,,,,,,,,,,,,,,,,,,,,,,,,,,,,,,,,,,,,,,,,,,,,,,,,"$166,372",,,,,,,,,,,,,,,,,,,,,,,,,,,
0787524,,The Man Who Knew Infinity (2015),"$72,614","$1,133,888","$40,220","$10,494","$67,370",,"$126,135",,,,,,,"$21,286",,,,,,"$25,787",,"$82,377",,"$357,536",,"$146,343",,"$163,392",,,"$748,381",,"$287,850","$1,200,726",,"$333,888",,,,,"$84,028",,"$23,362",,,"$262,278","$203,952",,,,,"$4,156",,,,,"$140,749",,,,,"$107,014",,"$6,869","$94,582","$211,672","$503,862","$33,385","$225,929",,"$156,621","$312,682","$36,656",,"$110,730",,"$159,917","$765,993","$14,851",,
2474932,,Despite the Falling Snow (2016),,,,,,,,,,,,,,,,,,,,,,,,,,,,,,,,,,,,,,,,,,,,,,,"$29,879",,,,,,,,,,,,,,,,,,,"$8,942",,,,,,,,,,,,,,,
2395421,,The Priest's Children (2013),,,,,,,"$170,231",,,,,,,,,,,,,,,,,,,,,,,,,,,,,,,,,,,,,"$41,216",,,,,,,,,,,,,,,,,,,,,,,,,,,,,,,,,,,,,
3906082,,Mary Shelley (2017),,"$206,722",,,,,,,,,,,,,,,,,,,,,"$557,448",,,"$14,725",,,,,,,,"$422,742",,,,,,,,,,,,,"$32,068",,,,,,,,,,"$15,246",,,"$100,692",,,,"$9,079","$5,213","$64,993","$361,187",,,,,,,,"$13,824",,,"$183,761",,,
4300480,,Italian Race (2016),"$4,986",,,,,,,,,,,,,,,,,,,,,,,,,,,,,,,,,,,,,,,,,,,,,,,,,,,,,,,,,,,,,,,,,,,,,,,,,,,,,,,,
2241351,,Money Monster (2016),"$1,224,282","$5,298,100","$441,728",,"$799,799","$44,494","$1,850,483","$78,661",,"$176,265",,"$361,155",,"$77,406","$124,714","$247,007",,,"$134,515","$125,206","$43,560","$189,498","$6,660,018","$4,229,441",,"$489,031",,"$1,067,130","$192,318","$27,414","$368,223",,"$911,744","$2,432,639",,"$3,000,465",,,,"$23,335","$252,980","$17,512","$186,325","$1,794,338",,"$1,255,468","$483,014",,"$166,137",,,,,"$294,793","$109,298","$520,270","$587,186",,"$217,306","$1,251,875","$34,808","$457,175","$43,420","$20,736","$224,580","$331,768","$3,026,970","$329,101","$1,092,637","$387,889","$620,717","$940,002","$149,459",,"$383,940","$128,711","$1,320,781","$3,930,445","$122,479","$207,102","$41,621"
2043616,,Penance (2012),,,,,"$35,241",,,,,,,,,,,,,,,,,,,,,,,"$32,654",,,,,,,,,,,,,,,,,,,,,,,,,,,,,,,,,,,,,,,,,,,,,,,,,,,,,
0314197,,Imagining Argentina (2003),,,,,,,,,,,,,,,"$1,782",,,,,,,,,,,,,,,,,,,"$281,201",,,,,,,"$6,147",,,,,,,,,,,,,,,,"$10,421",,,,,,"$6,715",,,,"$38,511",,,,,,,,,,"$29,430",,,,
1280534,,A Boyfriend for My Wife (2008),"$5,655,910",,,,,$260,"$63,236",,,,,,,,,,,,"$57,559",,,,,,,,,,,,,,,,,,,,,,,,,,,,,,,,,,,,,,,,,,,,,,,,,,,,,,,,,,,,"$106,466",,
4383594,,Nine Lives (2016),"$709,036",,,,,"$153,432","$144,508",,,"$165,065","$16,793,054","$444,977",,,"$188,413",,,,,,,,"$1,700,110",,,,,,"$208,613","$36,729",,,,"$1,143,422",,"$186,136",,,,,,"$14,165",,"$1,666,401",,"$143,862",,,,,,,"$13,125",,,"$3,007,568","$117,954",,"$216,118","$1,168,095",,,"$72,016",,"$352,543","$154,722","$1,557,744",,"$80,080",,,"$351,655","$10,988",,,"$266,732","$704,430","$2,892,060","$72,722",,
1682940,,Playback (2012),,,,,,,,,,,,,,,,,,,,,,,,,,,,,,,,,,,,,,,,,,,,,,,,,,,,,,,,,,,,,,,,,,,,,,,,,,,,,"$57,323",,,,
0378453,,"It's Not You, It's Me (2004)","$448,471",,,,,,,,,,,,,,,,,,,,,,,,,,,,,,,,,,,,,,,,,,,,,,,,,,,,,,,,,,,,,,,,,,,,,,,,,,,,,,,,
3628584,,Barbershop: The Next Cut (2016),,,,,,,,,,,,,,,,,"$54,058,961",,,,,"$3,021",,,,,,,,,,,,,,,,,,,,,,,,"$238,402",,,,,,,,,,,,,,,,,,,"$330,500",,,,,,,,,,,,,"$135,486",,,
3797868,,The Choice (2016),"$10,012","$796,840","$194,913","$10,336","$236,822","$8,141","$236,723",,,"$29,448",,,,,,,"$18,730,891",,"$26,171",,,,,"$979,371",,,,"$54,627",,"$4,049",,,,,,,,,,,"$36,987","$34,823","$16,530","$360,616",,"$417,484",,,,"$2,712",,,,"$47,712","$127,604",,"$120,870",,,"$91,689",,,,,"$130,388","$15,917",,,,,,,"$7,418",,"$25,824","$26,996","$75,006","$198,772","$20,793",,"$3,447"
1995390,,Our Kind of Traitor (2016),"$101,129","$65,244","$95,237",,"$97,201",,"$88,131","$28,504",,,,"$45,587","$8,787","$26,695",,"$87,138",,,"$15,010",,"$13,585","$74,105","$747,429","$667,048",,"$135,956","$1,905","$44,664",,,,"$66,106","$144,255","$399,762",,"$275,593",,,,"$11,037",,"$7,902","$25,037","$91,748",,"$161,003","$212,702",,"$98,303",,,"$8,318",,"$33,176","$18,821",,"$72,780",,,"$140,292","$15,639","$40,193",,"$4,709","$45,503","$13,280","$313,906","$96,706","$207,428","$39,227",,,"$12,485",,"$56,500",,"$203,684","$1,774,423","$7,821",,
3954660,,Suntan (2016),,,,,,,,,,,,,,,,,,,,,,,,,,"$145,858",,,,,,,,,,,,,,,,,,,,,,,,,,,,,,,,,,,,,,,,,,,,,,,,,,,,"$4,766",,,
2277860,,Finding Dory (2016),"$16,004,539","$36,312,693","$4,572,667",,"$5,204,300","$1,313,486","$34,529,711","$391,220",,"$7,026,238","$38,052,302","$7,995,441",,,"$1,942,288","$2,532,112","$486,295,561",,,,,"$922,679","$21,880,347","$35,307,381",,"$2,054,994",,"$6,615,732","$1,114,967","$364,372","$2,799,262",,,"$17,433,399",,"$65,982,721",,,,,,"$169,087","$1,954,333","$24,781,954",,"$9,976,165","$4,626,878",,"$2,786,441",,,"$6,800,000","$327,166",,"$4,640,452","$3,654,512","$2,185,259",,"$631,451","$9,222,835",,"$4,135,984","$1,465,935","$145,145","$3,024,048","$18,175,847","$20,038,169","$6,438,969","$5,127,323",,,"$5,062,350","$1,492,471",,"$2,145,693","$784,805","$4,347,363","$56,327,874",,"$3,319,862",
2702724,,The Boss (2016),,"$4,468,588","$412,409",,,,,"$59,173",,,,,,"$44,139",,,,,,,"$17,305",,,"$1,400,000",,,,,"$532,212","$83,693",,,,"$108,341",,,,,,,"$97,589","$39,061",,,,"$518,673","$486,689",,"$346,849","$4,015",,,,,,"$235,785","$215,339",,"$280,804",,"$19,942",,,"$38,588","$283,172",,"$23,026",,,,"$334,580",,,,,"$285,342","$768,164","$2,435,799",,,
4901306,,Perfect Strangers (2016),"$498,772","$1,671,748",,,,,,"$4,362",,,"$8,060,716","$39,568",,,"$151,711",,,,,,,"$38,182",,,,"$97,743",,,"$151,857",,,,,"$19,630,803",,,,,,,,,,,,"$466,045",,,"$18,814",,,,,,,,"$126,784",,"$37,985","$850,799",,,"$81,100","$2,155",,,,,,,,,,,,"$47,053",,,"$231,294",,
2368619,,The Take (2016),"$136,808","$369,211","$162,626",,"$152,848","$25,723",,"$14,255",,,"$2,148,284","$289,260",,"$16,705",,,,,,,"$6,862",,,"$924,034",,,,,,"$12,896",,,"$383,494","$303,114",,,,,,"$4,410",,"$13,963",,"$799,684",,"$673,702","$81,736",,,,,,"$6,107",,"$110,562","$93,677","$68,317",,"$247,159","$231,099",,"$158,017",,,"$129,043","$666,946",,"$132,668","$147,099","$227,583",,,"$40,495",,"$146,937","$25,551","$753,255","$2,948,233","$12,047",,"$37,668"
4683366,,Ghayal Once Again (2016),,,,,,,,,,,,,,,,,,,,,,,,,,,,,,,"$5,637,413",,,,,,,,,,,,,,,,"$52,933",,,,,,,,,,,,,,,,,,,,,,,,,,,,,,,,,,
5061814,,Goodbye Mr. Loser (2015),,"$443,300",,,,,,,,,"$226,161,196",,,,,,,,,,,,,,,,,"$21,596",,,,,,,,,,,,,,,,,,,"$83,004",,,,,,,,,,,,,,,"$64,489",,,,,,,,,,,,,,,,"$55,717",,,
1124037,,Free State of Jones (2016),,"$190,009",,,,"$11,705",,"$6,627",,,,"$66,816",,,,,,,,,,,"$704,593",,,,,,,,,,,"$243,200",,,,,,,,,,"$174,478",,"$82,167","$53,821",,,,,,,,,,"$76,431",,,,,,,,,"$18,126","$698,246",,,,,,,,,,"$143,833","$153,971",,,
1985949,,The Angry Birds Movie (2016),"$4,629,273","$6,873,041","$2,036,913","$526,760","$1,823,989","$393,234","$4,637,516","$828,988",,"$2,151,235","$75,872,971","$1,931,421",,"$431,228","$1,091,959","$2,060,835",,"$136,665","$972,762","$153,008","$344,319","$3,688,791","$6,090,747","$12,057,834","$7,151","$799,066",,"$2,144,191","$749,705","$119,545","$4,130,526","$2,501,250","$1,256,871","$3,645,280","$83,400","$2,279,856","$128,538","$67,775","$1,129,631","$364,368","$264,593","$511,573","$3,300,220","$7,057,097","$101,872","$4,280,374","$808,190","$134,112","$1,898,332","$222,671","$180,771",,"$94,942","$3,092,725","$1,443,538","$4,914,882","$1,487,310","$499,409","$701,816","$12,018,010","$215,459","$2,025,377","$538,373","$276,184","$607,180","$4,508,004","$6,187,047","$2,115,345","$1,978,168","$452,356","$1,383,684","$1,162,391","$1,390,465","$190,759","$1,440,715","$1,464,962","$2,459,899","$15,383,360","$286,412","$585,887","$2,030,673"
4063314,,"My Love, Don't Cross That River (2014)",,,,,,,,,,,,,,,,,"$86,446",,,,,,,,,,,,,,,,,,,,,,,,,,,,,,,,,,,,,,,,,,,,,,,,,"$34,012,261",,,,,,,,,,,,,,,"$7,499"
5278506,,Tickled (2016),,,,,,,,,,,,,,,,,,,,,,,,,,,,,,,,,,,,,,,,,,,,,,,"$143,074",,,,,,,,,,,,,,,,,,,,,,,,,,,,,,,"$33,489",,,
5576336,,"New York, New York (2016)",,,,,,,,,,,"$1,446,261",,,,,,,,,,,,,,,,,,,,,,,,,,,,,,,,,,,,"$5,853",,,,,,,,,,,,,,,$861,,,,,,,,,,,,,,,,,,,
2298384,,Love is in the Air (2013),,,,,,,,,,,,,,"$17,793",,,"$8,425",,,,,,"$2,818,952",,,,,"$39,407",,,,,,"$9,725",,,,,,,,,,,,,,,,,,,,,,,,,,,"$1,411","$11,538",,,,,"$69,754",,,,,,,,"$105,985","$126,886",,"$13,089",,,
4651410,,Precious Cargo (2016),,,,,,,,,,,,,,,,,,,,,,,,,,,,,,,,,,,,,,,,,,,,,,,,,,,,,,,,,,,,,,,,,,,,,,,,,"$11,464",,,,,,,,
0920457,,Billa (2007),,$472,,,,,,,,,,,,,,,,,,,,,,,,,,,,,,,,,,,,,,,,,"$744,539",,,,,,,,,,,,,,,,,,,,,,,,,,,,,,,,,,,,,,
2555958,,Arrambam (2013),,"$52,831",,,,,,,,,,,,,,,,,,,,,,,,,,,,,,,,,,,,,,,,,"$1,486,257",,,,,,,,,,,,,,,,,,,,,,,,,,,,,,,,,,,,,,
4258292,,Yennai Arindhaal (2015),,"$119,918",,,,,,,,,,,,,,,,,,,,,,,,,,,,,,,,,,,,,,,,,,,,,,,,,,,,,,,,,,,,,,,,,,,,,,,,,,,,,,,
1705772,,Mankatha (2011),,,,,,,,,,,,,,,,,,,,,,,,,,,,,,,,,,,,,,,,,,,"$1,104,911",,,,,,,,,,,,,,,,,,,,,,,,,,,,,,,,,,,,,,
5178278,,Vedalam (2015),,"$105,736",,,,,,,,,,,,,,,,,,,,,,,,,,,,,,,,,,,,,,,,,"$1,910,456",,,,,,,,,,,,,,,,,,,,,,,,,,,,,,,,,,,,,,
5133308,,At the End of the Tunnel (2016),"$1,212,657",,,,,"$23,582",,,,,"$1,131,869",,,,,,,,,,,,,,,"$31,827",,,,,,,,,,,,,,,,,,,,,,,,,,,"$1,149",,,,,,,,,,,,,,"$770,248",,,,,,,,,,,,,,"$18,887"
4937812,,Thoongaa Vanam (2015),,,,,,,,,,,,,,,,,,,,,,,,,,,,,,,,,,,,,,,,,,,,,,,"$3,076",,,,,,,,,,,,,,,,,,,,,,,,,,,,,,,,,,
3320578,,Veeram (2014),,"$55,625",,,,,,,,,,,,,,,,,,,,,,,,,,,,,,,,,,,,,,,,,,,,,,,,,,,,,,,,,,,,,,,,,,,,,,,,,,,,,,,
1857670,,Deiva Thirumagal (2011),,,,,,,,,,,,,,,,,,,,,,,,,,,,,,,,,,,,,,,,,,,"$733,169",,,,,,,,,,,,,,,,,,,,,,,,,,,,,,,,,,,,,,
2403393,,Desert Dancer (2014),$301,,,,,"$2,908","$27,304",,,,,,,,,,,,"$7,591",,,,,"$147,865",,,,"$33,812",,,,,,,,,,,,,,,,,,,,,,,,,,,,,,,,"$14,002",,,,,,,"$36,902",,,,,,,,,,,"$2,873","$9,336",,
4824302,,Mother's Day (2016),"$364,510","$4,075,446",,,,,"$755,183",,,,,,,,"$124,241",,,,,,,"$343,493","$1,393,955",,,,,,"$263,457","$80,695",,,,"$424,052",,,,,,,,,,"$1,055,525",,"$1,367,527","$445,746",,"$241,189",,,,,,,"$627,001","$201,579",,"$198,387","$1,162,802",,,"$146,502","$33,135","$413,987",,"$395,405",,,"$84,897",,,"$14,282",,"$177,339",,"$610,230","$1,289,246",,,
3100274,,Manhattan Night (2016),,,,,,,,,,,,,,,,,,,,,,,,,,,,,,,,,,,,,,,,,,,,"$119,845",,,,,,,,,,,,,,,,"$4,992",,,,,,,,,,,,,,,,,,,,,
3774114,,Snowden (2016),"$57,392","$1,199,213",,,,,"$518,144","$130,384",,,,"$51,196",,,"$36,202",,,,,,,"$159,737","$3,404,632","$3,215,856",,"$324,298",,,"$161,845",,,,,"$1,699,527",,,,,,,,"$26,337",,,,"$381,667",,,"$211,031",,,,,,,,"$342,720",,"$95,505","$1,138,571",,,"$81,731","$50,732",,"$278,313","$546,321",,,,,,"$254,669",,"$207,093","$51,512","$720,172","$403,867","$21,030",,
4630444,,Being Charlie (2015),,,,,,,,,,,,,,,,,,,,,,,,,,,,,,,,,,,,,,,,,,,,,,,,,,,,,,,,,,,,,,,,,,,,,,,,,,,,,"$2,564",,,,
2865120,,Ratchet & Clank (2016),,,,,,,"$191,928","$26,444",,,"$370,256","$47,114",,,"$2,653",,,,,,,,"$1,240,710",,,,,,,"$43,727",,,,"$126,659",,,,,,,,"$31,058",,"$81,172",,"$244,863",,,,,,,,,,"$285,330","$86,399",,"$80,408","$240,205",,,"$31,186","$8,436","$163,657","$303,329","$334,963",,,,,,,,"$35,773","$34,087","$35,247","$518,804",,,
4419364,,Holidays (2016),,,,,,,,,,,,,,,,,,,,,,,,,,,,,,,,,,,,,,,,,,,,,,,,,,,,,,,,,,,,"$51,392",,,,,,,,,,,,,,,,,,,,,
0064294,,Horse (1970),,,,,"$26,676",,,,,,,,,,,,,,,,,,"$342,303",,,,,,,,,,,"$292,786",,,,,,,,,,"$26,460",,,,,,,,,,"$74,108",,,,,,,,,,,,,,,,,,,,,,,,,,,
2978102,,Term Life (2016),,,,,,,,,,,,,,,,,,,,,,,,,,,,,,,,,,,,,,,,,,,,,,"$52,520",,,,,,,,,,,"$7,182",,,,,,,,,,,,,,,,,,,,"$162,835",,,,
1092004,,Glass (2007),,,,,,,,,,,,,,,,,,,,,,,,,,,,,,,,,,,,,,,,,,,,,,,,,,,,,,,,,,,,,,,,,,,,,,,,"$12,071",,,,,,,,,
0498355,,In Search of Mozart (2006),,,,,,,,,,,,,,,,,,,,,,,,,,,,,,,,,,,,,,,,,,,,,,,"$75,687",,,,,,,,,,,,,,,,,,,,,,,,,,,,,,,,,,
0304876,,Live Wire (2009),,,$823,,,,,,,,,,,,,,,,,,,,,,,,,,,,,,,,,,,,,,,,,,,,,,,,,,,,,,,,,,,,,,,,,,,,,,,,,,,,,,
1235536,,Lucky Luke (2009),,,,,"$465,170",,,,,,,,,,,,,,,,,,"$17,182,596",,,,,,,,,,,,,,,,,,,,,,,,,,,,,,,,,,"$24,625",,,"$182,081",,,,,,,,,,,,,,,,,,,,,
4610372,,Noma: My Perfect Storm (2015),,,,,,,,,,,,,,,,,,,,,,,,,,,,,,,,,,,,,,,,,,,,,,,"$17,323",,,,,,,,,,,,,,,,,,,"$30,169",,,,,,,,,,,,,,,
3799694,,The Nice Guys (2016),"$456,208","$4,369,278",,,,,"$503,289",,,,,"$90,691",,,"$170,211",,,,,,,"$231,225","$2,781,017",,,,,,"$502,885","$72,300",,,,"$2,105,444",,,,,,,,"$38,600",,"$988,779",,"$594,952","$703,121",,"$298,374",,,,,,,"$991,634","$291,294",,"$296,647","$2,456,043",,,"$112,449","$23,788","$129,707","$134,291","$1,336,582",,,"$51,566","$621,797",,"$110,988",,"$310,810","$151,083","$688,146","$4,913,256",,,
2475154,,Elena (2012),,,,,,,,,,,,,,,,,"$25,788",,,,,,,,,,,,,,,,,,,,,,,,,,,,,,,,,,,,,,,,,,,,,,,,,,,,,,,"$319,223",,,,,,,,,
2980210,,A Hologram for the King (2016),,,,,,,"$22,056",,,,,"$42,628",,,"$11,285",,,,,,,"$102,272",,"$593,882",,,,,,"$2,862",,,,"$277,061",,,,,,,,"$31,047",,"$599,891",,"$266,600",,,"$39,450",,,,,,,,"$170,727",,"$61,043","$446,151",,,,,"$24,684",,"$621,842",,,,"$385,078",,"$14,229",,"$131,263","$50,103",,"$1,062,859",,,
4412362,,My Big Night (2015),"$1,897",,,,,,,,,,,"$15,135",,,,,,,,,,,,,,,,,,,,,,,,,,,,,,,,,,,,,,,,,,,,,,,,,,,,,,,,,,,,,,,,,,,,,
1891755,,Billa 2 (2012),,"$49,855",,,,,,,,,,,,,,,,,,,,,,,,,,,,,,,,,,,,,,,,,"$947,634",,,,,,,,,,,,,,,,,,,,,,,,,,,,,,,,,,,,,,
1655607,,Singam (2010),,,,,,,,,,,,,,,,,,,,,,,,,,,,,,,,,,,,,,,,,,,"$1,471,508",,,,,,,,,,,,,,,,,,,,,,,,,,,,,,,,,,,,,,
1725795,,7 Aum Arivu (2011),,"$124,749",,,,,,,,,,,,,,,,,,,,,,,,,,,,,,,,,,,,,,,,,,,,,"$7,438",,,,,,,,,,,,,,,,,,,,,,,,,,,,,,,,,,
1513892,,Sorry If I Want to Marry You (2010),,,,,,,,,,,,,,,,,,,,,,,,,,,,,,,,,,,,,,,,,,,,,,,,,,,,,,,,,,,,"$963,812",,,,,,,,,,,,,,,,,,,,,
0940642,,200 Pounds Beauty (2006),,,,,,,,,,,"$2,076,217",,,,,,,,,,,,,,,,,,,,,,,,,,,,,,,,,,,,,,,,,,,,,,,,,,,,,,,,,,,,,,,,,,,,,,
2097331,,The Family Fang (2015),,"$20,008",,,,,,,,,,,,,,,,,,,,,,,,,,,,,,,,"$275,410",,,,,,,,,,,,"$28,104",,,,,,,,,,,"$8,550",,,,,,,,,"$10,180",,,,,,,,,,,"$44,382",,,,
5653294,,Flight Crew (2016),,,,,,"$73,831",,,,,"$4,613,127","$101,185",,,,,,,,,,,,,,,,,,,,,,,,,,,,,,,,,,,,,,,,,,,,,,,,"$24,241,048",,,,,,,,,,,,,,,,,,,,,
1252596,,Ajab Prem Ki Ghazab Kahani (2009),,"$140,963",,,,,,,,,,,,,,,,,,,,,,,,,,,,,"$11,685,515",,,,,,,,,,,,,,,,"$21,075",,,,,,,,,,,,,,,,,,,,,,,,,,,,,,,,,,
2974918,,Alvin and the Chipmunks: The Road Chip (2015),"$2,005,896","$9,690,441","$1,375,372","$390,744","$2,336,186","$435,599","$9,733,314","$287,772",,"$1,104,928","$9,582,624","$676,761",,"$299,609","$1,078,914","$2,198,420",,,"$875,027",,"$150,539","$807,980","$10,949,003","$6,277,763",,,,"$1,275,513","$451,025","$164,143","$239,432",,,"$6,807,266",,,,"$73,986",,,"$350,472","$222,932","$1,703,820","$7,461,267",,"$4,411,437","$1,246,533",,"$2,532,695","$134,719",,,,"$1,723,488",,"$2,797,131","$874,783","$458,015","$201,903","$3,147,988","$164,571","$1,839,365","$244,158","$329,218","$1,218,784","$1,713,690","$4,689,711","$3,095,898",,"$499,188","$1,264,370","$363,158",,,"$1,321,278","$264,044","$1,731,106","$23,908,156","$200,052","$367,668","$964,094"
4052882,,The Shallows (2016),"$794,962","$2,856,421","$177,753","$122,482","$930,202","$67,323","$1,576,802","$41,141","$45,028","$221,799","$15,291,870","$361,408",,"$120,380","$91,838","$226,606",,,"$245,749","$216,624","$43,505","$79,361","$4,136,075","$1,477,499",,"$174,339",,"$497,244","$302,456","$31,550","$343,130","$857,541","$415,453","$2,404,408",,"$1,572,328","$60,449",,,"$22,911","$166,570","$28,812","$1,557,721","$3,608,763",,"$963,873","$345,145",,"$394,036","$52,060","$31,925",,"$31,191","$706,526","$1,006,837","$307,932","$374,611",,"$94,587","$3,137,750","$46,854","$361,438","$71,452","$62,682","$198,801","$2,793,517","$2,545,415","$146,195","$75,674",,,"$715,025","$1,607,928",,"$447,605","$228,507","$1,147,394","$2,908,236","$83,790","$114,303","$262,107"
2620590,,Leatherface (2017),"$36,953",,,,,"$62,688",,,,,,,,,,,,,,,,,,,,,,,,,,,,,,,,,,,,,,,,,,,,,,,"$17,802",,,,,,,"$207,999",,,,,,"$25,677",,,,,,,"$57,186",,,,,,"$12,010",,
2749282,,Papa Hemingway in Cuba (2015),,,,,,,,"$1,784",,,,,,,,,"$1,115,615",,,,,,,,,,,,,,,,,,,,,,,,,,,,,,,,,,,,,,,,,,,,,,,,,"$36,291",,,,,,,,,,,,,,,
4027270,,The Crossing 2 (2015),,,,,,,,,,,"$7,660,000",,,,,,,,,,,,,,,,,,,,,,,,,,,,,,,,,,,,,,,,,,,,,,,,,,,,,,,,,,,,,,,,,,,,,,
4076934,,My Beloved Bodyguard (2016),,,,,,,,,,,"$49,371,457",,,,,,,,,,,,,,,,,,,,,,,,,,,,,,,,,,,,,,,,,,,,,,,,,,,,,,,,,,,,,,,,,,,,,,
1815708,,Freelancers (2012),,,,,,,,,,,,,,,,,,,,,,,,,,,,,,,,,,,,,,,,,,,,,,,,,,,,,,"$7,579",,,,,,,,,,,,,,,,,,,,,,,,,,,
3894404,,The Faith of Anna Waters (2016),"$107,448",,,,,"$90,442",,,,,,"$259,557",,,,,,,,,,,,,,,,,,,,,,,,,,,,,,,,"$827,696",,,,,,,,,"$30,347",,"$118,928",,,,,,,,,,,,,,,,,,,,,,,,,,
1318029,,Just Between Us (2010),,,,,,,,,,,,,,,,,,,,,,,,,,,,,,,,,,,,,,,,,,,,,,,,,,,,,,,,,,,,,,,,,,,"$13,593",,,,,,,,,,,,"$5,766",,
